{"cameraMode":{"drawMode":0,"name":"Shaded","section":"Shading Mode"},"sceneLighting":true,"audioPlay":false,"sceneViewState":{"m_AlwaysRefresh":false,"showFog":true,"showSkybox":true,"showFlares":true,"showImageEffects":true,"showParticleSystems":true,"showVisualEffectGraphs":true,"m_FxEnabled":true},"in2DMode":false,"pivot":{"x":-10.756608009338379,"y":0.4185563325881958,"z":-5.507445335388184},"rotation":{"x":0.13172215223312379,"y":-0.25677311420440676,"z":0.035349056124687198,"w":0.9567977786064148},"size":350.5922546386719,"orthographic":true}