{"cameraMode":{"drawMode":0,"name":"Shaded","section":"Shading Mode"},"sceneLighting":true,"audioPlay":false,"sceneViewState":{"m_AlwaysRefresh":false,"showFog":true,"showSkybox":true,"showFlares":true,"showImageEffects":true,"showParticleSystems":true,"showVisualEffectGraphs":true,"m_FxEnabled":true},"in2DMode":false,"pivot":{"x":0.16830694675445558,"y":-18.427162170410158,"z":547.6859741210938},"rotation":{"x":0.13172215223312379,"y":-0.25677311420440676,"z":0.035349056124687198,"w":0.9567977786064148},"size":580.572021484375,"orthographic":true}