{"cameraMode":{"drawMode":0,"name":"Shaded","section":"Shading Mode"},"sceneLighting":true,"audioPlay":false,"sceneViewState":{"m_AlwaysRefresh":false,"showFog":true,"showSkybox":true,"showFlares":true,"showImageEffects":true,"showParticleSystems":true,"showVisualEffectGraphs":true,"m_FxEnabled":true},"in2DMode":false,"pivot":{"x":-10.219551086425782,"y":0.1874362975358963,"z":-5.283720970153809},"rotation":{"x":0.29830679297447207,"y":0.5679287910461426,"z":-0.23166590929031373,"w":0.7312989830970764},"size":766.7545166015625,"orthographic":true}