{"cameraMode":{"drawMode":0,"name":"Shaded","section":"Shading Mode"},"sceneLighting":true,"audioPlay":false,"sceneViewState":{"m_AlwaysRefresh":false,"showFog":true,"showSkybox":true,"showFlares":true,"showImageEffects":true,"showParticleSystems":true,"showVisualEffectGraphs":true,"m_FxEnabled":true},"in2DMode":false,"pivot":{"x":-105.57929992675781,"y":-51.50257873535156,"z":465.89093017578127},"rotation":{"x":0.10546842217445374,"y":-0.6177860498428345,"z":0.0841054916381836,"w":0.7746937870979309},"size":508.75323486328127,"orthographic":true}